Statistic,Value
Mean NDVI,0.626144006307369
Min NDVI,0.4868420958518982
Max NDVI,0.7506178617477417
